id,productName,productDescription,bestRecipes,productCategory,fatRatioComments,isStandardPackage,packagingType,weightGrams,basePrice,offerPrice,hasDailyPriceChange,isByReservation,productCondition,isActive,stockStatus,stockQuantity,stockUpdatedAt,stockUpdatedBy,isTargeted,pricingMode
000922ab-8ac4-47c2-9667-1fa323bedb28,سيراليون استيك,450:500جم هي قطعة مابين الانتركوت والريب آي خالية من الدهون والعصب /كيس مكون من 2 قطع ستيك(مجمد للحفاظ علي خصائص القطعية),,لحم فريش,,true,فاكيوم,0.475,295.0,286.0,false,false,فريش,true,available,,,,false,unit
00329b0b-d90d-414e-b006-2e124745711b,بيف بيكون مدخن,شرائح اللحم (المجففة/المدخنة),اضافة مميزة جدا للمعجنات مثل بيتزا - الساندوتشات مثل برجر وغيرهم,,,true,فاكيوم,0.2,155.0,,false,false,فريش,true,available,,,,false,unit
009f16e4-755d-4e7b-b566-d6e237b62244,قطع زيتون,,,اخشاب شوي,,true,غير محدد,1000,149,,false,false,فريش,true,available,,,,false,unit
018bef75-a8f1-4cd2-ba7a-fb87b81982d6,فخدة ضانى,"وزنها 2.5:4.5كيلو - بتتباع على بعضها 
البديل: كتف ضاني - (لو العميل عايز وزن أقل من الفخدة) 
معاها التنضيف الخاص بيها وبيكون عبارة عن لحم برضه ممكن نسال العميل محتاجه (متقطع او مفروم قطع كبيرة ام صغيرة مفروم خشن ام ناعم )",,لحم ضاني,,false,غير محدد,1000,604,598,false,false,فريش,true,available,,,,false,unit
038ad9ea-16b6-4a56-9206-1985df1eff74," كبدة صافى ","نسأل بدون تقطيع  أو مقطع مكعبات أو مقطع شرائح(مع توضيح الحجم او السمك) 
نسأل  فريش ولا متبلة جاهزة على التسوية؟"," كبدة اسكندراني
 تستوي في عرقها مع بصل وثوم على النار - كبدة بانيه  - نقلي الكبدة ونقدمها ارز بالشعيرية و خضار سوتيه",لحوم لذيذة,"عالى الدسم ",false,فاكيوم,0.5,325,,false,false,فريش,true,available,,,,false,unit
04a4e832-691a-4499-98d4-148ba49b689b,"سمبوسة   لحم ","جاهزة على التحمير - حشو لحمة عصاج / الطبق مكون من 12:15 قطعة تقريبا ","-  تحمير في زيت غزير
- من أحلى الأصناف في أي عزومة والكبير والصغير بيحبها",مقبلات وأصناف جانبية,"دسم وسط ",false,أطباق,0.4,140,,false,false,فريش,true,available,,,,false,unit
0512497c-85cf-43cd-ae53-7c393980e9b3,مخاصى فريش,,,لحوم لذيذة,,false,طبق أسود بلاستيك,0.5,150.0,120.0,false,true,فريش,true,available,,,,false,unit
05644706-629e-498c-92ae-f0045eb22dea,small rings pasta -400g,,,البقالة,,true,,0.0,28.0,,true,false,فريش,true,available,,,,false,unit
07261bc6-9cf9-49fb-a1ab-5e40d0e4b096,بطاطس كروكيت لحم,عبارة عن بطاطس مهروسة ومحشية لحم يتم تشكيلها /20:22قطع تقريبا,"اخراجها من التجميد 
وتترك حتي تصبح ف درجة حرارة الغرفة ثم التحمير
ف زيت مغلي للتسوية -5 دقائق تقريبا",مقبلات وأصناف جانبية,,true,طبق أسود بلاستيك,0.4,95,93.1,false,false,فريش,true,available,,,,true,unit
0a45d0c8-a4d7-4b1b-9f24-d8dde4ec5384,مخ,"يكون لونه ورديّاً فاتحاً ولامعاً/مجمد للحفاظ علي خصائصه
نسأل بدون تقطيع أم شرائح صغير/ وسط /كبير؟",- أحلى أكلة: مخ بانيه - التقطيع يكون أصابع سميكة أو قطع كبيرة,لحوم لذيذة,,false,طبق بلاستيك أبيض,1.0,380.0,,true,true,فريش,true,available,,,,false,unit
0cd8ad03-7eb8-4aec-838c-0ce93b11050f,فشة,توجد في القفص الصدري تحت منطقة الدوش مع القلب,"تقطع منها شرايح 2سم في 4 لاخراج بعض الرغاوي والهواء منها
وطريقه اخري بسلقها كامله ثم تقطيعا حسب الرغبه",لحوم لذيذة,,false,غير محدد,1000,285,,true,true,فريش,true,available,,,,false,unit
0d429335-a86c-40c8-9761-d3fff138a2a9,دجاج بلدى,"نسأل العميل: في وزن معين مفضل عند حضرتك للفراخ؟
ويتم مراجعة الستور لمعرفة إذا كان الوزن المحدد متاح"," تتسلق وتتحمر",دواجن فريش,"مع كبد وقوانص ",false,أطباق,1000,225,,true,false,فريش,true,available,,,,false,weight
0d9a6c45-b131-4a1e-9027-96af42265fa0,"ريش ضانى استرالى
""صولو ""
",,,قطعيات بلاد مختلفة,,false,غير محدد,1000,1242,1180,true,true,فريش,true,available,,,,false,unit
0de8ff59-aa56-4051-a70a-eda76bb95bf7,قطع توت,,,اخشاب شوي,,true,غير محدد,1000,149,,false,false,فريش,true,available,,,,false,unit
0e653a49-0baa-4c86-9aa3-4e5ca463e237,سمانة,"- قليل دسم 
نسأل ستيك أو مكعبات او شاورما؟ (مع توضيح السمك او الحجم)",قطع مشوية - تتسلق وتتحمر,لحم فريش,,false,غير محدد,1000,570,564,false,false,فريش,true,available,,,,false,unit
10212a33-6155-497f-b6a0-2d23d92cbb21,Lasagna - 400g,,,البقالة,,true,,0.0,30.0,,true,false,فريش,true,available,,,,false,unit
109ab7fd-c7dc-48f4-8e18-254a86d295cb,حمام كداب,أواك دجاج مخلية ومتبلة و محشية أرز بالخلطة مع كبد وقوانص/3قطع تقريبا,- يوضع ف فويل ويتسلق فى المية ثم ازالة الفويل و يدخل الفرن يتحمر,دواجن فريش,,true,طبق,0.925,225,213.75,false,false,فريش,true,available,,,,false,unit
1292d862-643f-435f-84d2-d2fb3917eb9f,افخاد دجاج متبلة,تتبيلة مميزة من ميت هاوس/فخد ( ورك بدون دبوس ),,دواجن فريش متبلة على التسوية,,true,طبق,0.9,170,161.5,true,false,فريش,true,available,,,,false,unit
13ef2f4e-4109-416d-a1f2-e3de5304da16,أوراك دجاج متبلة,بيتعمل من الدجاج الأبيض/ تتبيلة مميزة من ميت هاوس 3قطع تقريبا,"- شواء
- في الفرن مع بطاطس وجزر وبصل حلقات",دواجن فريش متبلة على التسوية,,true,علبة بلاستيك + غطاء,0.9,170,161.5,true,false,فريش,true,available,,,,false,unit
17da87fb-347d-4b3a-a1f8-f3446d00558c," ريب اى","الريب آي هي نفسها الريش بس مخلية من العضمة / الكيس مكون من 2 قطع ستيك /(مجمد للحفاظ علي خصائص القطعية ) ","- ستيك مشوى على الجريل
- فاهيتا اللحم مع الخضار المشوي جنب مكرونة بيضاء",لحم فريش,"بيت كلاوي/عالي دسم ",false,فاكيوم,0.5,295,289,false,false,فريش,true,available,,,,false,unit
1a73f439-a249-4fa9-8209-6eccbf7b957e,قطع جزورينة,,,اخشاب شوي,,true,غير محدد,1000,149,,false,false,فريش,true,available,,,,false,unit
1b423a78-0e5e-4ee6-9960-73c3689423bb,"شاورما لحم فريش ",,,لحم فريش,,true,فاكيوم,5,300,295,false,false,فريش,false,available,,,,false,unit
1c579d07-76e4-40ad-b445-b8567f40b6aa,موزة,"طرية وناعمة 
بتتقطع حلقات (طرانشات)نسأل سميكة / وسط؟ - لو عاوزها مكعبات نسأل وسط/كبير/صغير؟ - او ممكن عميل يحتاج بدون تقطيع","- فتة ويتسقى العيش المحمص بشوربة الموزة
- تتسلق وندخلها تحت الشواية تتحمر او ممكن نحمرها فى ملعقة سمن بعد التحمير نرش عليهم ملح و فلفل اسود - تتسلق وتوضع في صينية في الفرن مع حلقات الفلفل و البصل و الطماطم وقطعة زبدة و تتبل بالملح و الفلفل",لحم فريش,,true,طبق أسود بلاستيك,0.5,280,,false,false,فريش,true,available,,,,true,unit
1de917f6-dcf4-4874-98ab-c2cbe60781b4,كفتة فراخ,الطبق 4 اسياخ,"- شواء على الجريل 
- تسوية على النار: تتحطي في صينية - تاخد الصدمة على النار - تتغطى ونوطي النار - وبعدين نشيلها ونحطها في الفرن بدون غطاء
ولو عايزة طعم المشوي ممكن تحطي فحمة علي حتة فويل وسط الصينية",دواجن فريش متبلة على التسوية,,true,طبق أسود بلاستيك,0.4,115,103.5,false,false,فريش,true,available,,,,false,unit
20632ff5-bfa2-4e54-a878-934565b13699,لحمة راس,"التقطيع علي حسب نوع التسويات او رغبه العميل / لو العميل بيضايق من الدهون وعاوز ينضفها بعد الميزان مافيش مشكلة ",يتم سلقها ثم تقدم او يتم تحميرها بعد السلق علي حسب رغبه العميل,لحوم لذيذة,,false,غير محدد,1000,315,,true,true,فريش,true,available,,,,false,unit
22016f11-9bcb-46e2-bced-ab937192ff1b,وينجز كنتاكي,اجنحة دجاج متبل بقرمشة كنتاكى على التحمير,,دواجن فريش متبلة على التسوية,,true,طبق,0.9,170,161.5,true,true,فريش,true,available,,,,false,unit
22df285b-a23b-4936-a5c0-f7a619f3ea91,شيش طاووق صدور متبلة,بيتعمل من الدجاج الأبيض مش البلدي/ اسياخ&فلفل/الكيلو4:5سيخ تقريبا,- شواء - على البوتجاز ياخد الصدمة في جميع الجوانب وبعدين نحطه في الفرن - ولو عايزة طعم المشوي ممكن تحطي فحمة علي حتة فويل وسط الصينية,دواجن فريش متبلة على التسوية,,false,علبة بلاستيك + غطاء,1000,290,275.5,true,false,فريش,true,available,,,,false,unit
23e3b5a7-aada-4bcf-98e2-1a3aaaf6cf4a,سبرنج رول جبنة,15:18قطعة تقريبا /مشكل(شيدر-رومي-موتزاريلا),,مقبلات وأصناف جانبية,,true,طبق,0.4,120,117.6,false,false,فريش,true,available,,,,false,unit
26db1f7d-8a17-4f84-a271-a4504e580bfb,قطايف جبن,جاهز علي التحمير/حشوة(شيدر-رومي-موتزاريلا)/14:16قطعة,تحمير زيت غزير,مقبلات وأصناف جانبية,,true,طبق,0.4,116,113.68,false,false,فريش,true,available,,,,false,unit
26f4626b-1c3c-40f1-8b4f-c316420e66e5,كبد وقوانص,كبد وقوانص الفراخ,"وصفة 1:
1. نقطع الكبد والقوانص وفي طبق ونحط عليها خل وكمون وليمون عشان نضيع ريحة الزفاره 
2. نحط ملعقة السمنه ونقطع البصل والفلفل ويتشوح شويه على النار 
3. نحط الكبد والقوانص ويتشوحوا مع البصل والفلفل ونقطع الطماطم وتتقلب 
4. نسيبها شويه على النار على ماتستوي نص سوي ونحط التوابل معادا الملح 
5. نسيبها شويه على النااار لغاية ماتستوي ونحط الملح وتتقلب ويتقفل عليها

وصفة 2:
صينية بطاطس بالكبد والقوانص في الفرن",دواجن لذيذة,,true,علبة بلاستيك + غطاء,0.5,65,,true,true,فريش,true,available,,,,false,unit
29a0faea-d999-4c3c-b641-fe0bd9d0beb4," بيكاتا"," قطعية قليل دسم  /شرائح رقيقة من الكولاتة لسهولة التسوية ","-  بيكاتا بصوص الديمجلاس والفلفل الالوان
-  شرائح بالصوص البني (صوص الديمجلاس)
- بيكاتا بالمشروم",لحم فريش,"قليل الدسم ",false,كلاهما,0.5,285,282,false,false,فريش,true,available,,,,false,unit
313ffbc0-2851-4916-a838-caa73e19cd6b,French Fries -1kg,,,البقالة,,true,,0.0,88.0,,true,false,فريش,true,available,,,,false,unit
31f164ed-4b8a-4665-8181-88e978f258d8,كفتة أرز,"عبارة عن أصابع لحم جملي&كندوز مفروم وأرز وخُضرة بتتبيلة الشيف الخاصة بكفتة الأرز لمذاق افضل 

جاهزة على التسوية","- بالصلصة
الطريقة: تتحمر في زيت غزير - بعد التحمير نشيلها من الزيت نسخن سمن ونحط بصله مفرومه وتقلب لغاية ما يصفر لونها - نحط الطماطم المفرومة ونسيبها على النار لغاية ما تتسبك
- تحمير في زيت غزير",لحم فريش متبل على التسوية," لحم جملي&كندوز لمذاق افضل/قليل دسم ",false,أطباق,0.4,167,162,false,false,فريش,true,available,,,,true,unit
32e50868-50f2-4fce-8050-97bbb64c60f8,مزاليكا,تشكلية قلب و كلاوى و كبدة و مخاصى متبلة على التسوية,"الخطوات:
1. نحمرالمزاليكا - نسيبها علي النار مع التقليب كل شوية لغاية ما تستوي - ثم نضيف الملح و التوابل 
2. نحمر الثوم في السمنه لغاية ما ياخد لون ذهبي و بعدها نضيف له الخل 
3. نحط الثوم على المزاليكا ونقلب حتي يمتزج 
4. نحط الكزبره و نقلب لمده 3 دقائق ونرفعها من علي النار",لحم فريش متبل على التسوية,,false,علبة بلاستيك + غطاء,1000,180,,false,false,فريش,true,available,,,,false,unit
33086c78-e55a-4863-8a8a-f242b0874302,كبدة مشكل,"ثلثين كبده + ثلث قلب وكلاوى 
نسأل فريش ولا متبلة جاهزة على التسوية؟ متاح تتبيلة سبايسي خفيف كمان حلوة أوي","تستوي في عرقها مع بصل وثوم على النار
",لحوم لذيذة,,true,طبق بلاستيك + غطاء,0.5,263.0,,false,false,فريش,true,available,,,,false,unit
36598420-1fac-4d15-aaaa-191fdf258707,رقبة ضانى,"وزنها من 1.5:3.5 كيلو - بتتباع على بعضها

نسأل العميل: إيه التقطيع المفضل بالنسبة لحضرتك؟ قطع صغيره - مقطع للشوي - مقطع للسلق - سليم زي ما هي","خطوات عمل رقبة محشية:
1. تتبل رقبة الخروف بالملح والفلفل 
2. يسوي الأرز المصري ويضاف عليه فلفل الأسمر 
3. يتم وضع الأرز المصري المستوي داخل الرقبه وتلف رول وتغلف بالمنيوم فويل 4. تغلق جيداً بالالومنيوم وتوضع في ماء وتسوي 
5. يتم تسوية أرز الزعفران بالطريقه المعروفه
6. بعد تسويه الرقبه تقطع سلايز",لحم ضاني,,false,غير محدد,1000,580,568,false,false,فريش,true,available,,,,false,unit
37ced056-9fc4-4c3f-9d97-c5518fa4ac47,دجاج بلدى متبل,,,دواجن فريش متبلة على التسوية,,false,أطباق,1000,235,223.25,true,false,فريش,true,available,,,,false,unit
3909beba-e3e2-476a-b081-aa87b1f590f9,تشيكن رول,فراخ مخلية \ ومحشية خضار (جزر \ بسلة )طبق950جم 4قطع,تتسلق حوالي7 دقائق بالفويل/يوضع في الفرن درجة حرارة 160/180 لمدة من 25 إلي 30 دقيقة وبعد ذالك يتم تبريدها ثم تقطيعها حلقات,دواجن فريش متبلة على التسوية,,true,طبق,0.95,300,285,false,false,فريش,true,available,,,,false,unit
3ac30866-e5b4-48f4-bb54-886692150e25,بيض بالكرتونه,,,بيض,,true,غير محدد,1,135,,true,false,فريش,true,available,,,,false,unit
3fc42d76-77cd-4557-891e-7abf7d0f8e7c,عرق فلتو,"عرق الفلتو أفضل حاجة للشوى بيطلع على  بعضه وزنه (يتراوح بين٣ك ل٤ك )\التوضيب بيكون 40:50 % من الوزن لو العميل مستكتر النسبة نرشحله فلتو صولو 
بيطلع العرق + مفروم  (يمكن تتبيله حسب طلب العميل و المفروم بيتعمل كفتة أو برجر)  /  تنضيف الفلتو لو العميل طالبه كفتة او برجر ناكد عليه انه هيتبعت من مصنعاتنا نفس الوزن وبتكون مجمدة ...رفض يبقي ياخده مفروم","الوصفة:
- نحط السمنة تسخن على النار ننزل بالعرق عليها لازم وهى سخنة جدا لغاية تتحمر من كل اتجاه
- نحطها في صينية فى ورق فويل ونلفها ونحط في الصينية ماء وكل ما تنشف نزود
- نسيبها تستوى ساعة او اكتر على حسب حجمها",لحم فريش,,false,أطباق,3000,730,715,false,false,فريش,true,available,,,,false,weight
41f8c6a6-a4d6-4f6b-bc19-997c4bff1f64,كفتة لحم بانيه,"كفتة متبلة جاهزة على التحمير
/لحم محلي بلدي","لضبط التحمير: حرارة الزيت لا تزيد عن 70 درجة عشان تبقى النتيجة مضبوطة 
اللون المثالي هو اللون البني",لحم فريش متبل على التسوية,,true,طبق أسود بلاستيك,0.4,185.0,148.0,false,false,فريش,true,available,,,,false,unit
423e30da-f9e0-42d3-bdcf-5340e17401fe,بي سكريتس - عسل سدر,"عسل السدر مضاد طبيعي للميكروبات والفيروسات وعلامات تقدم العمر لاحتوائه على خصائص التطهير ومضادات الأكيدة.
تم تجميعه من مناحل (بي سكرتس) في صعيد مصر. 
لا ينصح به للأطفال أقل من عام. يُنصح باستشارة الطبيب في حالة استخدام مرضى السكر.",,عسل,,false,,0.45,300.0,,false,false,فريش,true,available,,,,false,unit
425a6f28-4fad-43e4-bf8c-12f831086bfb,ستربس,"قطع دجاج بتتبيلة الشيف السرية جاهزة على التحمير
التتبيلة غير حارة",تحمير في زيت غزير,دواجن فريش متبلة على التسوية,,true,طبق,0.9,265,251.75,true,false,فريش,true,available,,,,false,unit
42730989-276d-4757-be85-be91925a6ef6,بي سكريتس - عسل موالح,"يستخرج من فواكه الموالح كالبرتقال وغيرها. يميزه الرائحة والطعم الرائعان.
تم تجميعه من مناحل (بي سكرتس) في صعيد مصر. 
لا ينصح به للأطفال أقل من عام. يُنصح باستشارة الطبيب في حالة استخدام مرضى السكر.",,عسل,,false,,0.45,75.0,,false,false,فريش,true,available,,,,false,unit
42af94c6-00a5-49ad-9ab9-b981691df4ca," بانيه فريش","بيتعمل من الدجاج الأبيض مش البلدي
نسأل العميل: عايزهها صدر على بعضه ولا شرائح سميكة أو وسط (للبانيه) أو رفيعة
","وصفة 1:
1. بنتبل الفراخ بملح وفلفل وجورة الطيب وفي طاسة ساخنة بننزل بالسمنة او الزيت او اي مادة دهنية وننزل بالفراخ تأخذ لون ذهبي
2. بعد كده بنشيل الفراخ وفي نفس الطاسة بنحط حتة زبدة كمان وبننزل بالبصل والسكر وورق اللورا وملح وفلفل لحد ما البصل ياخذ لون كراميل
3. بنحط البقدونس او شبت ونززل بالمرقة او بالمياه على حسب الرغبة ونسبها تغلي
4. في اللبن البارد نذوب النشا وننزل بيه على الكلام الجميل ده ونسبها تغلي وبعدين ننزل بالفراخ تاني ونسبها على نار هادية تستوي وهي متغطية

وصفة 2:
1. نقطع الصدر قطع صغيرة (أو مكعبات) ونحطه على النار مع نقطة زيت فلفل وملح ياخد الصدمة
2. نقلب معاه الخضار مكعبات ونحط البهارات اللي نحبها ونقلب لغاية ما يستووا",دواجن فريش,بدون دسم,false,أطباق,1000,295,286,false,false,فريش,false,low,5,2026-06-06 14:14:39.542+00,الفرع,false,unit
43a39ec7-978b-4ced-bc36-624f7e852ad9,كفتة ضانى,ف اسياخ /لحم محلي بلدي,"- شواء على الجريل 
- تسوية على النار: توضع في صينية - تاخد الصدمة على النار - تتغطى ونوطي النار - وبعدين نشيلها ونحطها في الفرق بدون غطاء
ولو عايزة طعم المشوي ممكن تحطي فحمة علي حتة فويل وسط الصينية",لحم فريش متبل على التسوية,,true,طبق أسود بلاستيك,0.4,215.0,213.0,false,false,فريش,true,available,,,,false,unit
44e1ca78-c447-4697-9e4d-7fced11fda8c,فيليه دجاج بالمستردة و العسل,"شرائح دجاج تتبيلة مميزة جدا ",الفرن / الجريل/ air fry,دواجن فريش متبلة على التسوية,,false,أطباق,0.5,160,156.8,true,false,فريش,true,available,,,,true,unit
45c35bb1-4d72-4d90-84e4-729b41b627e8,ديك رومى بلدي,أوزان تبدأ من 4 كيلو ل6 ك تقريبا صافي,,دواجن فريش,,false,طبق بلاستيك أبيض,1000,355,,true,true,فريش,true,available,,,,false,weight
45ecbec7-044e-40c0-8354-00d0f44150e9,"مايونيز هاينز 
(310GM)",,,البقالة,,true,,0.0,108.0,,true,false,فريش,true,available,,,,false,unit
45fb8668-748e-472a-9f20-a8b07308f65b,قطع جوافة,,,اخشاب شوي,,true,غير محدد,1000,154,,false,false,فريش,true,available,,,,false,unit
476545b0-eb02-44d7-b2e9-3828ee2c72be,عرق رستو,"العرق بيطلع علي بعضه (وزن 2 إلى 3 ك)بيطلع متربط و متنظف 
ممكن يتم حشوه بالخضار و الشيدر و التركى بيتبل وبيتلف 
نسأل العميل
متربط ولا لأ؟
","الوصفة:
- نسخن الزيت ونحط اللحم بكامله عشان ياخد صدمة من كل الجوانب ويتغير لون العرق
- نغلي المرق ونحط عرق اللحم داخل المرق وهو سخن ويتغطى حتى تمام النضج
- يتصفى من المرق ويتحط في الثلاجة
- وقت التقديم يطلع من الثلاجة ويتقطع شرائح للتقديم",لحم فريش,,false,طبق أسود بلاستيك كبير + غطاء,1300,635,603.25,false,false,فريش,true,available,,,,false,weight
485355c5-bb25-49e7-ab23-9b28a99ee3b6,ريش ضانى سولو,6قطع /فريش او مجمد تبعا للتوفر,"- مشوية على الجريل - طاجن بامية بالريش الضاني
- طاجن لسان عصفور بالريش الضانى 
- صينية بطاطس بالريش الضانى",لحم ضاني,,true,,0.6,535.3,,false,true,فريش,true,available,,,,false,unit
486de3c6-6f02-4d11-99a1-d904fe658a20,ربش ضاني مع بيت كلاوي او دوش ش,"الكيلو حوالي 7:8 قطع تقريبا /ريش وبيت كلاوي او ريش ودوش وبيكون تلتين ريش وتلت دوش او بيت كلاوي تبعا للمتوفر 
من ألذ الأكلات في الشوي","- مشوية على الجريل - طاجن بامية بالريش الضاني
- طاجن لسان عصفور بالريش الضانى 
- صينية بطاطس بالريش الضانى",لحم ضاني,,false,غير محدد,1000,651.45,,false,false,فريش,true,available,,,,false,unit
48b56c3a-7b14-4deb-93f9-bddfb8e5d030," كفتة داوود باشا","عبارة عن كرات لحم مفروم بتتبيلة الشيف الخاصة بكفتة داوود باشا
على التسوية /20:22كرات  تقريبا /لحم محلي بلدي ","- مع تسبيكة صلصة وتُقدم مع أرز 
كيفية عمل الصلصة: تشوح شرائح البصل في الزيت مع رشة ملح وفلفل اسود ومكعب المرق لغاية ما تذبل -  تضاف الصلصه وعصير الطماطم والبابريكا والبهارات ونسيبها تغلى - نحط الدقيق ونقلب لغاية ما يثقل القوام، ونحط الكفته ف الصلصه تاخذ غلوه واحده ثم نرفعها من ع النار

- كفته داود باشا في صينية مع البطاطس المهروسة والبشاميل",لحم فريش متبل على التسوية,"دسم متوسط ",false,أطباق,0.4,210,201.6,false,false,فريش,true,available,,,,true,unit
49508cce-ca6e-471d-9cc3-c23f88aa89bd,حواوشى رغيف,"3 رغيف عبارة عن رغيف عيش محشي لحم حواوشي بتتبيلة الشيف 
على التسوية/لحم محلي بلدي",- نحط الرغيف في طاصه أو صينيه على نار متوسطه يوضع قليل من السمنه و يوضع الحواوشي للتسوية على الوجهين,لحم فريش متبل على التسوية,,true,كل رغيف ملفوف في فويل - وكل 3 رغيف في طبق بلاستيك أبيض كبير,1.0,235.0,233.0,false,false,فريش,true,available,,,,false,unit
5183dbb5-0875-42e7-adcd-61417a00b514,بي سكريتس - عسل زعتر,"غني بمضادات الأكسدة

يساعد في حماية الجسم من الشيخوخة

 وأنواع السرطان المختلفة",,عسل,,false,,0.45,165.0,,false,false,فريش,true,available,,,,false,unit
553cd307-796b-4c2c-9d51-eccc859d57e1,منديل ضانى,بيطلع ع بعضه السعر الموضح للكيلو/وزن المنديل 350:650جم تقريبا / هو جزء من الدهون الرقيقة مغطي بها منطقة البطن الداخلي او الكرشة ويتم به في اغلب المشويات كغطاء للتست او التحمير ويمتاز بسيولة الدهون علي النار لاعطاء فعاليته واندماجه مع المنتج وهو طبقات رقيقة يستغرق 25دقيقه علي النار,,لحم ضاني,,false,غير محدد,1000,500,,false,false,فريش,true,available,,,,false,unit
55cf4c37-23d4-4f64-afe2-be4866cd90f3,بانيه فريش,"بيتعمل من الدجاج الأبيض مش البلدي
نسأل العميل: عايزهها صدر على بعضه ولا شرائح سميكة أو وسط (للبانيه) أو رفيعة

","وصفة 1:
1. بنتبل الفراخ بملح وفلفل وجورة الطيب وفي طاسة ساخنة بننزل بالسمنة او الزيت او اي مادة دهنية وننزل بالفراخ تأخذ لون ذهبي
2. بعد كده بنشيل الفراخ وفي نفس الطاسة بنحط حتة زبدة كمان وبننزل بالبصل والسكر وورق اللورا وملح وفلفل لحد ما البصل ياخذ لون كراميل
3. بنحط البقدونس او شبت ونززل بالمرقة او بالمياه على حسب الرغبة ونسبها تغلي
4. في اللبن البارد نذوب النشا وننزل بيه على الكلام الجميل ده ونسبها تغلي وبعدين ننزل بالفراخ تاني ونسبها على نار هادية تستوي وهي متغطية

وصفة 2:
1. نقطع الصدر قطع صغيرة (أو مكعبات) ونحطه على النار مع نقطة زيت فلفل وملح ياخد الصدمة
2. نقلب معاه الخضار مكعبات ونحط البهارات اللي نحبها ونقلب لغاية ما يستووا",دواجن فريش,,false,طبق بلاستيك أبيض,1000,260,254.8,true,false,فريش,true,low,,2026-06-16 14:38:21.724+00,الفرع,false,unit
55ec7a24-fce8-406d-b954-7583ec014684," كولاتة","قطعية ناعمة جدا /قليل دسم 
نسأل ستيك أو مكعبات ؟ (مع توضيح السمك  او الحجم)  (لو تقطيع ستيك وسط بيكون من 7:10 قطع ) تقريبا  ","ستيك 
- كباب حلة",لحم فريش,قليل الدسم,false,كلاهما,1000,570,,false,false,فريش,true,available,0,2026-06-08 23:02:06.127+00,الفرع,false,unit
58d5dbff-0305-4306-82cb-679363c681fb,ممبار كندوز بوبس,"ممبار كندوز متنضف كويس ومعمول على شكل كرات صغيرة ومحشي أرز بتتبيلة الشيف
على التسوية / 10:15كرات تقريبا",- تحمير في زيت غزير,لحوم لذيذة,,true,علبة بلاستيك + غطاء,0.4,100.0,95.0,false,false,فريش,true,available,,,,false,unit
5912855a-7778-48b5-8d38-10ae43b20b32,"بانيه متبل شوي ","بيتعمل من الدجاج الأبيض مش البلدي
التتبيلة مش حارة /8:10قطع تقريبا ",,دواجن فريش متبلة على التسوية,"دسم قليل ",false,أطباق,0.95,290,275.5,true,false,فريش,true,low,4,2026-06-06 14:26:27.194+00,الفرع,true,unit
59328d36-28f3-4af9-a228-bfd233486432," لحم كندوز خضار ",لحم للخضار يحتوى على نسبة دسم- نسأل مكعبات وسط/كبير/صغير؟,,لحم فريش,"30% دسم ",false,أطباق,0.5,245,,false,false,فريش,true,available,,2026-06-06 14:33:59.098+00,الفرع,false,unit
5941a91d-6ba5-4717-b103-bb15b6cc5ca9,"كوردن بلو ","كوردن بلو حشو تركى مدخن + جبنة شيدر+ مدزريلا
الطبق من 3:4قطع ","وقت التسوية يكون مبرد وليس مجمد  و يتم تحمير في زيت غزير ساخن ",دواجن فريش متبلة على التسوية,"عالى الدسم ",false,أطباق,0.5,190,180.5,true,false,مجمد,true,available,10,2026-06-24 14:54:41.075+00,الفرع,true,unit
5b0984eb-b155-40a0-b32c-9cbb07ac6179,حمام,"الجوز ",,دواجن فريش,,false,طبق بلاستيك أبيض,1,285,,true,true,فريش,true,available,,,,false,unit
5b62004f-d0a6-45c6-b7c5-4b595e681626,دجاج أبيض مسحب متبل,الوزن 800ل 1100 جرام تقريبا,اكبر وزن كيلو و١٠٠ جرام,دواجن فريش متبلة على التسوية,,false,غير محدد,1000,290,275.5,true,true,فريش,true,available,,,,false,unit
5c8488d6-a211-48b2-9481-7df3c9969b29,ممبار كندوز محشى,"ممبار كندوز متنضف كويس ومحشي أرز بتتبيلة مميزة / (يتم التاكد ف حالة سؤال العميل من الفرع)
على التسوية / 8:10 قطع تقريبا",- تحمير في زيت غزير,لحوم لذيذة,,true,طبق بلاستيك أبيض,0.4,100,95,false,false,فريش,true,available,,,,true,unit
5de0272f-3122-4dc6-ba3d-08d04fdca570," دبابيس فريش","بيتعمل من الدجاج الأبيض مش البلدي
",التحمير في الفرن مع بطاطس وجزر وبصل حلقات,دواجن فريش,,false,أطباق,1000,140,,true,true,فريش,true,available,,,,false,weight
5ff02f09-a080-4678-b8fd-2523a23a3b23,كباب حلة أحمر خفيف دسم,"لحم بدسم قليل مناسب للشوربه والاكلات الي بتتطعم بدسم خفيف 
نسأل مكعبات كبير/وسط/صغير؟",كباب حلة بالبصل - تسوية على النار,لحم فريش,,true,طبق أسود بلاستيك,0.5,275.0,272.0,false,false,فريش,true,available,,,,false,unit
6079d448-e2e2-48a0-bad9-e2804e3b09f5,فوريبس,من قطعيات الشوى/يتم تقطيعها مجمدة,"مشوية على الجريل
",لحم فريش,,true,طبق أسود بلاستيك,0.9,535.0,519.0,false,true,فريش,true,available,,,,false,unit
611f06df-2a81-41c7-a3e6-6bda7c6ed81d,شاورما فراخ متبلة,صدور مقطعة رفيع ومحطوطة في تتبيلة الشيف المخصوص لشاورما الفراخ,- تسوية على النار,دواجن فريش متبلة على التسوية,,true,علبة بلاستيك + غطاء,0.45,150,147,false,false,فريش,true,available,,,,false,unit
61d20919-de1d-4030-b406-4cbc671342bf,دوش ضانى,"بيتقطع مجمد او فريش مع تاكيد مع العميل والفرع ف الحالتين ","1. تتسلق وتتحمر
2. عمل الشوربة",لحم ضاني,,false,طبق أسود بلاستيك,1000,555.5,528,false,false,فريش,true,available,,,,false,unit
62234703-5a87-4ecc-aaa3-e9789997b0ed,تشيكن كرسبى,بيكون مقرمش وغير حار,,دواجن فريش متبلة على التسوية,,true,طبق,0.9,265,251.75,true,false,فريش,true,available,,,,false,unit
62fd031f-6e73-4004-b2a9-c07176756727,طحال,الطحال كامل ويقطع بعد السلق اما عن موقعه فهو يوجد فوق منطقه الكرشة,"طريقه التحضير يوضع في ماء مغلي لمده 35دقيقه ثم يقطع شرايح يثم يتم اضافه توابل 1جرام فلفل اسود ناعم
1جرام كمون+1جرام كسبره ناعمه+1جرام حبهان مطحون +50جرام زيت زيتون +ثمره طماطم +بصله مبشوره +فص توم 
يوضع الطحال مع التقليب في الزيت ثم التوابل وانتهاء بالبصل والطماطم علي نار هاديه 30دقيقه اخري",لحوم لذيذة,,false,,1.0,320.0,,true,true,فريش,true,available,,,,false,unit
63a0d3ea-f115-48e1-9de7-7d7170207803,ستريبلوين استيك,"560جم
قطعتين هي قطعة مابين الانتركوت والريب آي خالية من الدهون والعصب / وزن القطعة280جم تقريبا)",,لحم فريش,,true,,0.56,335.0,,false,true,فريش,true,available,,,,false,unit
656546de-769f-483e-a962-086deac094e6,لحم مفروم برازيلى,تغليف حسب الرغبة / مستوي اول,جميع استخدامات المفروم حشوات وغيرهم,قطعيات بلاد مختلفة,,true,,0.5,192.5,187.0,true,true,فريش,true,available,,,,false,unit
65e34252-e1fc-4894-948d-a2fd24230daa,كبيبة,كبيبة جاهزة على التسوية/ 8قطع تقريبا/لحم محلي بلدي,تحمير في زيت غزير,لحم فريش متبل على التسوية,,true,الطبق أسود بلاستيك,0.4,140.0,134.0,false,false,فريش,true,available,,,,false,unit
68629244-9baa-4e67-ab55-de2e2b04919a," دجاج ابيض","نسأل العميل: في وزن معين مفضل عند حضرتك للفراخ؟
ويتم مراجعة الستور لمعرفة إذا كان الوزن المحدد متاح "," تتسلق وتتحمر",دواجن فريش,"بدون كبد و قوانص ",false,أطباق,1200,165,161.7,true,false,فريش,true,available,,,,false,weight
6868bdd1-5787-4228-8654-8362820992cc,فلفل أخضر,,,خضروات مجمدة,,true,,0.0,9.0,,false,false,فريش,true,available,,,,false,unit
68c62899-3813-4e4d-b8c7-3005aa6b9cc8,فلانك ستيك,"بالقطعة
(600:800)
جم فلانك استيك /هي قطعه طوليه الانسجة شديدة العضل موجودة في منطقة البطن في جزء السورة ويتم تفصيلها في منطقه الدوش ويتم تقطيعها بعد التسوية(القطعة علي بعضها مش شرائح)",توضع فى طاسه حتى احمرار اللون ثم وضع التتبيله ثم دخول الفرن لمده 30 دقيقه مكشوف عنها ثم تنقل في اناء اخر بالفرن حتى يتدفق الخليط لمده عشر دقائق ثم يوضع ثلاثه زبده مكعب مع الاعشاب,لحم فريش,,true,,0.7,415.0,,false,true,فريش,true,available,,,,false,unit
69c1afe5-7a8c-4e81-afe3-b0efa9d9a491,فيليه دجاج ماسالا,"شرائح دجاج تتبيلة مميزة جدا ",الفرن / الجريل/ air fry,دواجن فريش متبلة على التسوية,,false,أطباق,0.5,160,156.8,true,false,فريش,true,available,,,,false,unit
6bac88d8-fb15-41b8-b3b6-8d60821cd47d,كولاچين طبيعي,"لأول مرة ف مصر 
مستخرج من نخاع لحم بقري بلدي
طبيعي 100٪ بدون أي إضافات /يحفظ مجمد
","يضاف للشوربة/المحاشي 
يعد بديل ممتاز لمكعبات المرق
يمكن تناول70-100جم يوميا / من فوائده
عوامل مقاومة الشيخوخة - بشرة منتعشة - تعزز الهضم - تعزز مرونة المفاصل - تقوي المناعة",لحوم لذيذة,,false,طبق أسود بلاستيك,0.5,264,211,false,true,فريش,true,available,,,,true,unit
6d3f6af2-04ac-4fd8-8b02-4e389cbc8851," كباب حلة احمر  بدون دسم","مناسب للدايت 
نسأل مكعبات كبير/وسط/صغير؟",- طريقة التسوية: يتشوح في السمنة على النار - نضيف البصل والفلفل المتقطع ونهدي النار لغاية ما المياه تنشف - نحط فنجان مياه كل شوية لغاية ما تستوي,لحم فريش,بدون,false,أطباق,0.5,290,,false,false,فريش,true,out,0,2026-06-06 14:14:51.996+00,الفرع,false,unit
6e823961-2548-41a3-a2ce-2caa94bbf7b1,سمان,يُباع بالجوز / وبيطلع بالكبد والقوانص الخاصة به,"1- التحمير
2- صينية بطاطس بالسمان 
3- شواء",دواجن فريش,,false,طبق بلاستيك أبيض,1.0,180.0,,true,true,فريش,true,available,,,,false,unit
6ffb0d06-7e2b-47dd-b1e6-117b85b2f422,توماهوك,"بالقطعة
700ج ممن قطعيات الشوي الممتازة /يمكن الطلب فريش او متبل للشوي/تاكيد التوفر مع الفرع وقت الطلب/ يتم تقطيعها مجمدة","- في الفرن 
- علي الجريل 5:7 دقائق مع الملاحظة",لحم فريش,,true,,0.7,415.0,403.0,false,true,فريش,true,available,,,,false,unit
70cdba5b-52a5-409d-971b-651f6d82bd81,Penne Pasta - 400g,,,البقالة,,true,,0.0,28.0,,true,false,فريش,true,available,,,,false,unit
71518efd-f65f-4ea3-847f-4295e044b256,لحم سن,"مناسب للشوربه والاكلات اللي محتاجة دسم معقول 

نسأل مكعبات كبير/وسط/صغير؟","- نعمل منه الشوربة
- يُضاف إلى الخضار",لحم فريش,,true,طبق أسود بلاستيك,0.5,250.0,,false,false,فريش,true,available,,,,false,unit
72fcb9f8-886e-42fb-9f46-0c7dd0cd5bf9,بي سكريتس - عسل اليانسون,"لاذع قليلا 
يساعد ف تحسين الجهاز الهضمي-خفض ضغط الدم-تنظيف الجهاز التنفسي وغيرها من فوائده المتعددة",,عسل,,false,,0.45,100.0,,false,false,فريش,true,available,,,,false,unit
7905d046-d0f6-49c1-b290-406c7dda6c7e,بط أبيض,السعر على الوزن الصافى بعد التنظيف,,دواجن فريش,,false,طبق بلاستيك أبيض,1000,280,,true,true,فريش,true,available,,,,false,weight
79f1a6a7-d51f-47dc-923d-79b8081b8527,أرانب,"850جم ل 1.25ك /مفيدة في أنظمة إنقاص الوزن و عملية بناء العضلات. غنية بالفيتامينات والمعادن
بديل ممتاز للحوم الحمراء لأنه قليل الدسم خاصة للمرضى بشكل عام ومرضى الضغط بشكل خاص.","خطوات أحلى وصفة:

1. يتم التشويح في بصلة بملح وفلفل أسود ومعلقة صغيرة سمنة ومستكة وحبهان.
2. نسيبها على نار هادئة عشان تتشرب التتبيلة.
3. يتم إضافة مياه السلق وننزلها فيها وبعد ما تستوي نحمرها.
4. الشوربة نعمل بها ملوخية.",دواجن فريش,,false,طبق بلاستيك أبيض,1000,245,,true,true,فريش,true,available,,,,false,weight
7ab9b40d-e563-48a3-b531-92cf524a6117,بطاطس,,,خضروات مجمدة,,true,,0.0,85.0,,false,false,فريش,true,available,,,,false,unit
7c8eb52b-d390-40a4-939a-2a30e37805f6,فراخ برازيلى مجمدة (سيارا),الوزن 1.1 ك/ بدون تتبيل,مشوية او ع الجريل,قطعيات بلاد مختلفة,,true,مغلف جاهز,1.1,250.0,,true,true,فريش,true,available,,,,false,unit
7dccb3d4-c5b4-4ac6-bf6e-4c9b80a87b6f,سجق لحم,"بدون إضافة فول صويا/لحم محلي بلدي 
",1جرام كسبره ناعمه,لحم فريش متبل على التسوية,"دسم 15:20٪ ",false,أطباق,0.4,209,,false,false,فريش,true,available,,,,false,unit
80a074eb-8f37-4e07-a71f-0b76b1825c45,عرق فلتو صولو,"العرق فقط على بعضه بدون مفروم (وزنه من ك : ك ونص )- أفضل قطعة للشوى /
بيف فليه يكون جزء من فلتو صولو وله سعر اخر
وتختلف مسمياته الي ميداايون ","الوصفة:-                                                                                                                                                                                      - نحط السمنة تسخن على النار ننزل بالعرق عليها لازم وهى سخنة جدا لغاية تتحمر من كل اتجاه
- نحطها في صينية فى ورق فويل ونلفها ونحط في الصينية ماء وكل ما تنشف نزود
- نسيبها تستوى ساعة او اكتر على حسب حجمها",لحم فريش,,false,أطباق,1500,915,,false,false,فريش,true,available,,,,false,weight
80b95586-3ac5-4d8b-bc51-33434e2ac178,قطع خوخ,,,اخشاب شوي,,true,غير محدد,1000,149,,false,false,فريش,true,available,,,,false,unit
833605a9-c4a1-4095-ac3f-9ca4c1226502,دبابيس كنتاكي,دبوس دجاج متبل بقرمشة كنتاكى على التسوية (نصف سوا),,دواجن فريش متبلة على التسوية,,true,طبق,0.9,170,161.5,true,true,فريش,true,available,,,,false,unit
85c33837-1d7c-4f3b-aa9c-99357212adb3,لسان صولو,بيتاع كله متوسط وزن 1.5 ل 2كيلو تقريبا,,لحوم لذيذة,,false,غير محدد,1000,450,,true,true,فريش,true,available,,,,false,unit
863b7fde-fd9d-4635-9fc1-2b73fc916508,وجبة حراسة,"عبارة عن بواقي الدجاج - بتتقدم لكلاب الحراسة
يتم سلقها قبل تقديمها للحراسة",يتم سلقها قبل تقديمها للحراسة,وجبات للحيوانات الأليفة,,false,طبق بلاستيك أبيض,1000,140,,false,false,فريش,true,available,,,,false,unit
86c16867-d639-453b-817f-7b750b93a759,وش فخدة,"تباع علي بعضها 7ك تقريبا /السعر للكيلو/ بدون دسم احمر صافي 
التقطيع تبعا لرغبة العميل /متاح طلبها بفتيك/بيكاتا/كباب حلة/مفروم","كباب حلة
",لحم فريش,,false,حسب القطعية,1000,570,564,false,false,فريش,true,available,,,,false,unit
88a6bab4-d835-4932-a905-781bac2bc068,اجنحة فريش,,,دواجن فريش,,false,غير محدد,1000,105,,true,true,فريش,true,available,,,,false,weight
88a6def1-abf1-4458-8c8a-110ca7f5877f,"كاتشب هاينز 
(295GM)",,,البقالة,,true,,0.0,62.0,,true,false,فريش,true,available,,,,false,unit
8baeb3b1-4bed-4445-8d12-99a76f6c4621,قطع برتقال,,,اخشاب شوي,,true,غير محدد,1000,135,,false,false,فريش,true,available,,,,false,unit
8cbf6f41-6438-43a5-8554-9ec0e71fa130,حمام محشى,محشي أرز,,دواجن فريش متبلة على التسوية,,false,غير محدد,1,360,342,true,true,فريش,true,available,,,,false,unit
8d22e111-83e4-4093-80a0-047fb3138e5b,بي سكريتس - عسل زهور برية,"بديل السكر يساعد ف الوقاية من امراض السمنة والقلب وتصلب الشرايين 


 له دور في تقليل نسبة الكوليستيرول والدهون في الدم",,عسل,,false,غير محدد,0.45,570,,false,true,فريش,true,available,,,,false,unit
8ec32e4f-659d-433e-8e40-6a6ace69243f,بي سكريتس - عسل بردقوش,"هذا النوع مميز ولذيذ بطعمه ورائحته النابعان من زهور البردقوش بالصعيد.
تم تجميعه من مناحل (بي سكرتس) في صعيد مصر. 
لا ينصح به للأطفال أقل من عام. يُنصح باستشارة الطبيب في حالة استخدام مرضى السكر.",,عسل,,false,,0.45,100.0,,false,false,فريش,true,available,,,,false,unit
8ed1dda3-2074-42e7-ad77-bf93aa1048f9,دبابيس دجاج متبلة,تتبيلة مميزة من ميت هاوس 5:7قطع تقريبا,,دواجن فريش متبلة على التسوية,,true,طبق بلاستيك أبيض,0.9,170,161.5,true,false,فريش,true,available,,,,false,unit
91562268-5174-4685-93fc-24979b4f0096,"بانيه متبل تحمير ","بيتعمل من الدجاج الأبيض مش البلدي
متبل بيض وبقسماط /التتبيلة مش حارة  / 5:8قطع تقريبا ",جاهز على التحمير,دواجن فريش متبلة على التسوية,,false,أطباق,0.95,250,237.5,true,false,فريش,true,available,,,,false,unit
9185e98e-14c8-4d7a-b759-7a0761d6d6fa,Rice Al Doha (1Kg),,,البقالة,,true,,0.0,48.0,,true,false,فريش,true,available,,,,false,unit
93c2e565-5ddd-4da1-a0fe-d10704146ff5,"بفتيك ","من المنتجات التي نتميز بها - قليل دسم 
ملحوظة لفريق المبيعات: غير محبب خروجه يوم الذبح بيحتاج يتشمع وياخد وقت ","- بالبصل والفلفل الأسود - صينية في الفرن صينية بفتيك بالبطاطس ",لحم فريش,"اسكالوب  / قليل دسم ",false,أطباق,0.5,285,,false,false,فريش,true,available,,,,false,unit
9682e036-0152-4b8c-96e7-974367a3a3a2,باكدج مقبلات,4طبق /الطبق400جم/مكونة من كفتة داوود/سمبوسة لحم/ممبار محشي/كبيبة,جاهزة علي التسوية,مقبلات وأصناف جانبية,,true,4طبق,0.4,535,518.95,false,false,فريش,true,available,,,,false,unit
975e1ecd-9685-4564-ac65-81cf382f0bfe,ممبار ضاني,يتم سؤال الفرع عند سؤال العميل علي المنتج,,لحم ضاني,,false,غير محدد,1000,272.7,,false,true,فريش,true,available,,,,false,unit
977f16ec-f8c4-419b-8d86-78feb4882d52,دجاج أبيض متبل,"بيتعمل من الدجاج الأبيض مش البلدي - نسأل العميل: عايز التتبيلة تندوري ولا للشواء؟
/ في وزن معين مفضل ؟
ويتم مراجعة الستور لمعرفة إذا كان الوزن المحدد متاح/الوزن لا يقل عن 1.5ك"," شواء
- في الفرن مع بطاطس وجزر وبصل حلقات",دواجن فريش متبلة على التسوية,,false,أطباق,1000,210,199.5,true,false,فريش,true,available,,,,true,unit
999928e7-5833-4a69-a72a-36f53f523241,"فيليه دجاج الباربيكو  ","شرائح الدجاج المتبل بالباربكيو ومجموعة مميزة اخري من التوابل "," الفرن / الجريل/ air fry",دواجن فريش متبلة على التسوية,,false,أطباق,0.5,160,156.8,true,false,فريش,true,available,,,,false,unit
9a334e45-e394-4b78-81fb-97d78243530e,"كباب حلة أحمر خفيف  دسم ","لحم بدسم قليل مناسب للشوربه والاكلات الي بتتطعم بدسم خفيف 
نسأل مكعبات كبير/وسط/صغير؟"," كباب حلة بالبصل - تسوية على النار",لحم فريش,"من الرقبة  / 5 - 10% دسم ",false,أطباق,0.5,275,272,false,false,فريش,true,available,,,,false,unit
9cad06fb-4d49-430f-9579-242fb1813251,بي سكريتس - عسل الحبة السوداء,"هذا النوع يقوي الجهاز المناعي كما أنه مضاد للأكسدة.
تم تجميعه من مناحل (بي سكرتس) في صعيد مصر. 
لا ينصح به للأطفال أقل من عام. يُنصح باستشارة الطبيب في حالة استخدام مرضى السكر.",,عسل,,false,,0.45,80.0,,false,false,فريش,true,available,,,,false,unit
9e21a564-cdc7-4da6-8714-b22de0a826c7,مخاصي متبل,"مخاصي(جاهزة علي التسوية) بتتبيلة ميت هاوس/ مكعبات وسط/تم تتبيلها وتجميدها للحفاظ عليها (نبلغ العميل ) ",,لحوم لذيذة,,false,,0.5,150.0,,false,false,فريش,true,available,,,,false,unit
9f1ed9f6-7820-4541-93fb-9612b846b968,ماسورة,,,لحوم لذيذة,,false,,1.0,90.0,72.0,false,true,فريش,true,available,,,,false,unit
a079a621-4c78-4b4a-a3d1-8ae58e063d2a," لحم مفروم أحمر  بدون دسم","مناسب للدايت 
نسأل  مفروم ناعم/وسط/ خشن؟","-  لو دايت - صينية كوسة باللحمة المفرومة 
",لحم فريش,"بدون ",false,أطباق,0.5,290,,false,false,فريش,true,low,6,2026-06-20 13:25:45.147+00,الفرع,false,unit
a11da699-0a46-4798-be3e-18c0c7b2ba08,قطع تفاح,,,اخشاب شوي,,true,غير محدد,1000,171,,false,false,فريش,true,available,,,,false,unit
a1e00c51-1157-4023-8ed3-e53e6fbff006,تندر لوين ستيك,استيك التندرلوين اجزاء من عرق الفلتو القطعة/شاتوه بريان / هو نفس الجزء لكن باختلاف التقطيع (لو عميل طلبه نتابع لو هيتوفر مخصوص لازم متابعة تسعير),,لحم فريش,,true,,0.475,460.0,437.0,false,false,فريش,true,available,,,,false,unit
a309c1af-b7b4-49d3-953c-a05b4ffe5cd9,سكيرت ستيك,"بالقطعة 
(500: 700 ) جم هي عباره عن شريحه من اللحم مكسو بها عظم وقرقوشة الدوش ويكون سليم لانه مع الانسجة وبيتقطع بعد التسوية",جريل او طاسه حتي اللون المطلوب لمده7دقائق ثم يوضع في ايناء ثم دخول الفرن لمده 20دقيقه نار عاليه,لحم فريش,,true,,0.7,415.0,,false,false,فريش,true,available,,,,false,unit
a464cb74-1f75-48b6-8356-8b2570aee2a2,كوارع,"يوجد كارع أمامي و كارع خلفي حسب طلب العميل
يرسل متنظف و متقطع (نسال تقطيع وسط/كبير/صغير؟)","- شوربة كوارع
- طاجن ورق العنب بالكوارع في الفرن",لحوم لذيذة,,true,طبق بلاستيك أبيض,1.0,500.5,475.0,true,false,فريش,true,available,,,,false,unit
a54c471a-6766-4576-905a-29809155fea5,"برجر لحم ","من المنتجات التي نتميز بها
  بدون إضافة فول صويا / الطبق مكون من 4 قطع/لحم محلي بلدي ",,لحم فريش متبل على التسوية,دسم10:15٪,false,أطباق,0.4,226,214,false,false,فريش,true,available,,,,true,unit
a59a14b2-0754-4cb2-8a01-2866dc089339,نص خروف ضانى استرالى,"على بعضه من 7:10ك تقريبا /حلال
فخدة&كتف&نص رقبة&نص وزن الريش/تقطيع حسب الرغبة/ مجمد",في الفرن / مميز ف الشواء,قطعيات بلاد مختلفة,,false,,1.0,4031.0,3628.0,true,true,فريش,true,available,,,,false,unit
a61f0e06-3588-4ded-bf3e-3974845564ce,بسلة,,,خضروات مجمدة,,true,,0.0,50.0,,false,false,فريش,true,available,,,,false,unit
a67e089f-8286-45d6-8132-ea1ec45cbc27,قطايف لحم,جاهز علي التحمير /حشوة لحم عصاج/14:16قطعة,تحمير زيت غزير,مقبلات وأصناف جانبية,,true,طبق,0.4,94.5,92.61,false,false,فريش,true,available,,,,false,unit
a7a2f625-4e2c-46ee-aeee-f7ee0d5624fa,برجر فراخ,"الطبق 4 قطع 
بدون إضافة فول صويا / غير متبل بالبيض والبقسماط"," الشواء على الجريل
 تسوية على النار: وضع ملعقة صغيرة زيت في طاصة لغاية ما الزيت يسخن - نقلب البرجر على الوجهين لغاية ما يستوى تحمير في زيت كثير (غير عميق) بحيث يبقى الزيت مغطي نصف البرجر الأسفل فقط",دواجن فريش متبلة على التسوية,دسم متوسط - مع التحمير يصبح عالي الدسم,false,أطباق,0.4,115,109.25,false,false,فريش,true,available,,,,false,unit
a8895587-224b-4539-bb76-c438dbf52ad1," لحم مفروم دسم وسط",نسأل  مفروم ناعم/وسط/ خشن؟,"- أفضل حاجة للحواوشي لو  بتحب تعمل الحواوشي بنفسها
- الكفتة عشان نسبة الدسم اللي فيه يتظيط الكفتة ولو عايزة طعم المشوي ممكن  تحطي فحمة علي حتة فويل وسط الصينية
- افضل مفروم للمكرونة البشاميل",لحم فريش,15-20%,false,أطباق,0.5,245,,false,false,فريش,true,available,,,,false,unit
a8ed011d-f11a-4560-b45a-7b20d1c15e68,بريسكت,"قطعية من الصدر (ناعمة-طرية) دسم وسط /الكيس مكون من قطعة  
(مجمد للحفاظ علي خصائص القطعية ) ","التتبيل جيدا 
معلقة  خردل مطحون/ملح /فلفل اسود /بابريكا / بصل اخضر مطحون/توم مجفف
بقدونس مقطع(كالحبوب)
تغليفها ب2 طبقة فويل - تترك 2:3.5 ساعات بالفرن او علي الشواية (طول فترة التسوية) - يساعد ف الحصول علي 
لحم اطري ولذيذ) - تترك كما هي ساعة خارج الفرن       ",لحم فريش,"دسم وسط ",false,فاكيوم,0.95,500,494.99,false,false,فريش,true,available,,,,false,unit
ab440b1e-8f54-4c13-b381-1bd73bf7636a,كتف ضانى,"وزنه من 1.5 ل 2.5 كيلو - بيتباع على بعضه
بديل جيد للفخدة الضاني لو العميل عايز وزن أقل من الفخدة
نسأل العميل:
إيه التقطيع المفضل بالنسبة لحضرتك؟ قطع صغيرة - مقطع للشوي - مقطع للسلق - سليم زي ما هي",الطواجن,لحم ضاني,,false,غير محدد,1000,577.5,572,false,false,فريش,true,available,,,,false,unit
ad78b512-5e34-489e-9642-ad846e5a336c,دجاج ابيض مسحب,"دجاج مخلي من العظم بدون تتبيل 
أنسب شكل للشواء عشان سيدة البيت اللي تحب تتبل أكلها بنفسها/الوزن 850:1000جرام تقريبا",,دواجن فريش,,false,طبق بلاستيك أبيض,1000,240,,true,true,فريش,true,available,,,,false,weight
aec31524-8931-4021-847a-74ac7efc0a60,شيش طاووق صدور فريش,"بيتعمل من الدجاج الأبيض مش البلدي
مكعبات وسط كبير صغير؟ /بيخرج اسياخ &فلفل/الكيلو 4:5 سيخ تقريبا","""- شواء
- على البوتجاز ياخد الصدمة في جميع الجوانب وبعدين نحطه في الفرن - ولو عايزة طعم المشوي ممكن تحطي فحمة علي حتة فويل وسط الصينية
مع خضروات وتستوى على النار""",دواجن فريش,,false,طبق,1000,260,,true,false,فريش,true,available,,,,false,unit
b3437206-6892-41ee-b81c-cbdd059d3297,Black Eyes Peas - 500gm,,,البقالة,,true,,0.0,125.0,,true,false,فريش,true,available,,,,false,unit
b83b2e7c-dfd0-4a52-bf2f-4d30aef1eff8,"باربكيو هاينز 
(200GM)",,,البقالة,,true,,0.0,59.0,,true,false,فريش,true,available,,,,false,unit
b99db07a-77fe-4ff0-949a-73c8d83a9e7c,نخاع,"عبارة عن الجزء اللي جوا الماسورة
مفيد لتنظيم الهضم .. والكولاچين في النخاع ييساعد على بناء الجسم وزيادة المناعة","أحلى الوصفات
1. للأكل: شوربة
2. للأكل: يتسلق ويتهرس مع الخضار للأطفال أو يستوي مع شوربة الخضار
3. للشعر: نعمل له حمام مياه فيتحول قوامه ليكون كريمي .. يوضع على الشعر لمدة ليلة
",لحوم لذيذة,,false,طبق أسود بلاستيك,0.2,126,101,false,false,فريش,true,available,,,,true,unit
b9d29013-49e7-4ce3-8532-50e09a25842a,شاورما لحم متبلة,"لحم تقطيع رفيع في تتبيلة مميزة 
",تسوية علي النار,لحم فريش متبل على التسوية,,true,طبق,0.4,210.0,204.0,false,false,فريش,true,available,,,,false,unit
b9ea36d7-05bf-416f-b700-8a22c0eb8df8,ثلج جورميه مكعبات,,,البقالة,,true,,0.0,85.0,,false,false,فريش,true,available,,,,false,unit
bab1c827-d956-45c7-9f88-60d5009bf904,محشى ورق عنب بالمفروم,محشى ورق عنب جاهز على التسوية باللحم المفروم والارز,"
يتم الرص في حلة/اضافة مرقة لحم حتي اخر صف/وضع على النار يغلي ثم ع نار منخفضة حتي ينضج

قبل البدء ف الطهي
يمكنك تقطيع طماطم طرانشات وفلفل أخضر وألوان حلقات وضعهم في أرضية الحلة ثم رص المحشي/كما يمكن تقطيع ليّة قطع صغيرة على اول صف",مقبلات وأصناف جانبية,,true,طبق,0.4,105,100,false,false,فريش,true,available,,,,true,unit
bbd83b7f-bdc7-4178-a6b0-0b0e197df10b,"سمبوسة جبنة ",جاهزة على التحمير - حشو (شيدر-رومي-موتزاريلا) / الطبق مكون من 12:15 قطعة تقريبا," -  تحمير في زيت غزير
- من أحلى الأصناف في أي عزومة والكبير والصغير بيحبها",مقبلات وأصناف جانبية,,false,أطباق,0.4,110,,false,false,مجمد,true,available,,2026-06-06 14:54:22.656+00,الفرع,true,unit
bee26feb-4ef4-4cda-9bae-962d525c5da5,ديك رومى أبيض,أوزان تبدأ من 8 كيلو ل 12ك تقريبا صافي,,دواجن فريش,,false,طبق بلاستيك أبيض,1000,320,,true,true,فريش,true,available,,,,false,weight
bf24d40f-bc0c-4292-b5c4-022874157dd3,كبد دجاج صافى,كبد فراخ صافي بدون قوانص أو قلوب,"وصفة :
1. ننقع الكبدة بالليمون لمدة نص ساعة 
2. في طاسه نضع زيت ومستكة وننزل بالبصل نحمره للون الذهبي 
3. ونلمة على جمب في الطاسه وننزل بالكبدة تأخذ صدمة ونقلبه مع البصل بالتوابل والطماطميه 
4. ونحطه في صينيه وندخله الفرن يتحمر ونخرجه نعصر عليه ليمون ونقدمه مغ بقدونس",دواجن لذيذة,,true,علبة بلاستيك + غطاء,0.5,70,,true,true,فريش,true,available,,,,false,unit
bf724dab-ef5a-4a19-bc80-d03b50a1022a," شيش طاووق أوراك فريش","بيتعمل من الدجاج الأبيض مش البلدي
مكعبات وسط كبير صغير ؟/لو عميل محتاج اوراك مخلية عضم وجلد يبقي نوضح بدون تقطيع  /بدون خضار  بدون اسياخ ","- شواء
- على البوتجاز ياخد الصدمة في جميع الجوانب وبعدين نحطه في الفرن - ولو عايزة طعم المشوي ممكن  تحطي فحمة علي حتة فويل وسط الصينية
 مع خضروات وتستوى على النار",دواجن فريش,,false,أطباق,1000,215,,true,true,فريش,true,available,,,,false,unit
c138cc4d-8a4a-47b1-b576-6c73b078389f,Green Okra - 400gm,,,البقالة,,true,,0.0,62.0,,true,false,فريش,true,available,,,,false,unit
c3507a19-4e5e-4a22-888a-deda1e9986a6,Molokhia - 400gm,,,البقالة,,true,,0.0,22.0,,true,false,فريش,true,available,,,,false,unit
c3888b6a-e991-4be1-b39c-af0dd5a2931d,شورت ريبس,"اضلاع قصيرة من الضلع الأمامي 
مذاق مميز جدا/الكيس مكون من 3:4 قطع /(مجمد للحفاظ علي خصائص القطعية )","طريقة الطهي

اناء علي النار به 

لتر ماء/2جزر/1بصل/ورق لورا/فلفل اسود حصي/5حبات قرنفل/4كبابة صيني(او قرفة+جوزة الطيب)/70جم ملح/30جم سكر/كرفس/200ملي صويا صوص/4فص توم 

يترك المحلول حتي الغليان 
يتم تبريده تماما 
ثم نغمر اللحم فيه

تركه بالتلاجة حتي اليوم التالي(12ساعة تقريبا)

 يساعد علي جعل الأنسجة طرية/ومذاق متبل ممتاز 
يوم التسوية 

يتم خروج اللحم من التبريد 

تحضير 

5فص توم/معلقة كبيرة فلفل اسود/معلقة صغيرة 

كبابة صيني(او قرفة+قرنفل+جوزة الطيب)/عود جوز ماري(فريش)/زعتر اخضر/ملح بسيط 

يتم طحنهم 



ثم تتبيل اللحم بالكامل بها 

+رشة بابريكا 
نضع ب صينية

2طبقة فويل+2طبقة ورق زبدة 

ثم وضع اللحم ناحية العضم

ولفه ب طبقات ورق الزبدة ثم الفويل 

ثم لف طبقة اخري من الفويل

بشكل محكم جدا 

يتم دخول الصينية فرن سخن جدا 

ثم ضبط الحرارة 130 

تستغرق اللحم 4ساعات 

بعد مرور ساعتين 

 يتم قلب القطعية ناحية اللحم لاستكمال الطهي 

يتم خروجها من الفرن 

ثم نزع العضم بسهولة 

لأكلة شهية /مميزة جدا 

",لحم فريش,,true,فاكيوم,0.95,500.0,490.0,false,false,فريش,true,available,,,,false,unit
c42d2965-8aa9-4c15-8b9a-9aa5b1c21b04,بطاطس كروكيت جبنة,عبارة عن بطاطس مهروسة ومحشية جبنة يتم تشكيلها / 20:22قطع تقريبا,"اخراجها من التجميد 
وتترك حتي تصبح ف درجة حرارة الغرفة ثم التحمير
ف زيت مغلي للتسوية -5 دقائق تقريبا",مقبلات وأصناف جانبية,,true,طبق أسود بلاستيك,0.4,85,83.3,false,false,فريش,true,available,,,,true,unit
c83bc8ab-bdd0-461f-9fac-de64e4b94978,كبده امريكانى,كبدة صافي/تقطيع حسب الرغبة / مجمدة,اسكندراني / ستيك / مكعبات / عصافيري وغيرهم,قطعيات بلاد مختلفة,,true,غير محدد,0.5,155,150.35,true,true,فريش,true,available,,,,false,unit
c917a7f3-16c6-4c54-ad90-6a58d9859686,صدور دجاج بالعضم متبلة,بيتعمل من الدجاج الأبيض,"- التحمير
- في صينية في الفرن مع بطاطس وجزر وبصل حلقات أو خضتر حسب الرغبة
",دواجن فريش متبلة على التسوية,,false,طبق بلاستيك أبيض,1000,230,218.5,true,true,فريش,true,available,,,,false,unit
ca07e593-5eaf-4f47-82f4-652da04a221c,"مشروم A.M.R
(425GM)",,,البقالة,,true,,0.0,92.0,,true,false,فريش,true,available,,,,false,unit
ca2b4bbc-f37e-4315-9065-299b655635ab,ممبار بدون حشو,وزن الطبق بعد التنظيف,- يقدم محمر,لحوم لذيذة,,false,طبق بلاستيك أبيض,0.525,276.0,,false,false,فريش,true,available,,,,false,unit
ca56588c-3888-41f4-9406-e72846660daa," بفتيك متبل","من المنتجات التي نتميز بها -قليل دسم يكتسب دسامة مع التحمير 
ملحوظة لفريق المبيعات: غير محبب خروجه يوم الذبح بيحتاج يتشمع وياخد وقت /الطبق من 7:9 قطع ",- محمر (سكالوب بانيه),لحم فريش,"اسكالوب متبل /قليل دسم لكنه يكتسب دسم مع التحمير ",false,أطباق,0.95,554,543,false,false,فريش,true,available,,,,true,unit
cb3fae26-d71c-403f-80c0-c1bcd932d5b9,سمبوسة فراخ,الطبق مكون من 12:15 قطعة تقريبا,,مقبلات وأصناف جانبية,,true,طبق,0.4,130,,false,false,فريش,true,available,,,,false,unit
ccd8de74-b78b-4299-8d4b-e3c7126fbb70,رقائق تفاح,,,اخشاب شوي,,true,غير محدد,1000,182,,false,false,فريش,true,available,,,,false,unit
cd293556-7173-49a4-9023-d1995aa3957c,قلب وكلاوى,نسأل بدون تقطيع أو مقطع مكعبات أو مقطع شرائح(مع توضيح الحجم او السمك),"- بالبصل - تسوية على النار
- سبايسي: بالبصل والفلفل الحار - تسوية على النار",لحوم لذيذة,,true,طبق بلاستيك أبيض,0.5,257.0,,false,false,فريش,true,available,,,,false,unit
ce2b2b4e-8729-4d34-b3ec-1409f1631e99,شيش طاووق أوراك متبل,"بيتعمل من الدجاج الأبيض مش البلدي
بدون سيخ وخضار","- شواء
- على البوتجاز ياخد الصدمة في جميع الجوانب وبعدين نحطه في الفرن - ولو عايزة طعم المشوي ممكن تحطي فحمة علي حتة فويل وسط الصينية""",دواجن فريش متبلة على التسوية,,true,طبق بلاستيك أبيض,0.9,260,247,true,false,فريش,true,available,,,,false,unit
cf2917a6-7539-499c-b1e3-f27e9a58b76a,كرشة,يتم سؤال الفرع عند سؤال العميل علي المنتج,,لحوم لذيذة,,false,غير محدد,1000,200,,true,true,فريش,true,available,,,,false,unit
cfd2c806-aaac-4ea3-985e-7eb0531f884f,بي سكريتس - عسل زهرة البرسيم,"معروف بطعمه المستساغ اللذيذ.
تم تجميعه من مناحل (بي سكرتس) في صعيد مصر. 
لا ينصح به للأطفال أقل من عام. يُنصح باستشارة الطبيب في حالة استخدام مرضى السكر.",,عسل,,false,,0.45,100.0,,false,false,فريش,true,available,,,,false,unit
d15dc602-d668-49df-92f0-5069ceda73e9,Tomato Puree 320g,,,البقالة,,true,,0.0,62.0,,true,false,فريش,true,available,,,,false,unit
d29b0611-be25-49dc-a9a1-dfe20d23ced0,كفتة فراخ مودزريلا,الطبق 400جم,جاهزة ع التحمير,دواجن فريش متبلة على التسوية,,true,طبق أسود بلاستيك,0.4,115,109.25,false,false,فريش,true,available,,,,false,unit
d49d33fe-a0be-4cd6-947e-4bdf86bda624,سجق مغربى,بيكون سبايسي /لحم محلي بلدي,50جرام زيت زيتون,لحم فريش متبل على التسوية,,true,طبق أسود بلاستيك,0.4,221.45,,false,false,فريش,true,available,,,,false,unit
d4b81e0e-c1a6-44ff-bfde-ba11290010d1,مانجو,,,خضروات مجمدة,,true,,0.0,27.0,,false,false,فريش,true,available,,,,false,unit
d5d00508-61a1-4729-8243-f919ed629c14,سبرنج رول فراخ,15:18قطعة تقريبا,,مقبلات وأصناف جانبية,,true,طبق,0.4,130,127.4,false,false,فريش,true,available,,,,false,unit
d628ed5c-0fbe-44c4-949c-7c0f02aff127,طرب,"عبارة عن كفتة وحولها منديل الخروف،
طرب متبل جاهز على التسوية 5:7قطع /لحم محلي بلدي",دخليها فرن 200 لمده 30 دقيقه وبعدين افتحى الشواية عشان تاخد لون,لحم فريش متبل على التسوية,,true,طبق بلاستيك أبيض,0.4,255.0,247.0,false,false,فريش,true,available,,,,false,unit
d6294c83-1d2a-449f-bfb6-9aa282c5e85f,كبدة برازيلي,كبدة صافي/تقطيع حسب الرغبة / مجمدة,اسكندراني / ستيك / مكعبات / عصافيري وغيرهم,قطعيات بلاد مختلفة,,true,,0.5,85.0,,true,true,فريش,true,available,,,,false,unit
d7e6446e-28ba-4637-94c7-f43023578a9b,"كفتة الحاتي ","نسبة دسم حوالى 15:20 %
الطبق مكون من 4 اسياخ /لحم محلي بلدي ","- شواء على الجريل 
- تسوية على النار: توضع في صينية - تاخد الصدمة على النار - تتغطى ونوطي النار - وبعدين نشيلها ونحطها في الفرق بدون غطاء
ولو عايزة طعم المشوي ممكن  تحطي فحمة علي حتة فويل وسط الصينية",لحم فريش متبل على التسوية,كفتة باربكيو /متوسط الدسم,false,أطباق,0.4,205,203,false,false,فريش,true,available,,,,true,unit
d83a90bc-3e6f-4efa-a4a4-f3d8a6f2f216,أوسوبوكو,"قطعة
350:450ج معبارة عن قطعية الموزة مع جزء من ماسورة بالنخاع
اوسوبوكو / وهي جزء من الموزه الخلفيه بالعظم يتم تقطيعها مجمدة تحت درجه لا تقل 12-مئويه/نسأل بدون تتبيل أو متبل للشواء؟",ممتازة للشواء والعزومات -,لحم فريش,,true,طبق أسود بلاستيك,0.4,260.0,255.0,false,false,فريش,true,available,,,,false,unit
d9383baf-8652-4408-bac5-4d3692446cb5,"محشي ورق عنب
",محشي أرز جاهز على التسوية,"
يتم الرص في حلة/اضافة مرقة لحم حتي اخر صف/وضع على النار يغلي ثم ع نار منخفضة حتي ينضج

قبل البدء ف الطهي
يمكنك تقطيع طماطم طرانشات وفلفل أخضر وألوان حلقات وضعهم في أرضية الحلة ثم رص المحشي/كما يمكن تقطيع ليّة قطع صغيرة على اول صف",مقبلات وأصناف جانبية,,true,طبق بلاستيك أبيض,0.4,100,95,false,false,فريش,true,available,,,,true,unit
dab1ecd6-b8a2-4782-a3ab-bc8b314ceee4,كبدة ضانى,"الكبدة الضاني بتطلع على بعضها يا فندم وبتكون مشكل (يعني مع القلب والكلاوي)
وزنها من كيلو ونصف إلى 2كيلو 
نسأل العميل: إذا كان يريده كامل أو مقطع مكعبات أو مقطع شرائح عريضة أو كل شريحة على نصفين","- كبدة اسكندراني
تستوي في عرقها مع بصل وثوم على النار
- كبدة بانيه
نقلي الكبدة ونقدمها ارز بالشعيرية و خضار سوتيه",لحم ضاني,,false,طبق أسود بلاستيك,1000,624,,false,false,فريش,true,available,,,,false,unit
dc279e02-e90b-4228-ba11-5bc2c401acb7,شيش كباب متبل,متبل جاهز على التسوية / من قطعية سمانة ..كولاتة..انتركوت ... فلتو/اسياخ&فلفل,1جرام كمون,لحم فريش متبل على التسوية,,true,طبق بلاستيك + غطاء,0.5,284.0,281.0,false,false,فريش,true,available,,,,false,unit
de6f85c3-b85e-476c-aff8-f54995abb4ec,سجق دجاج,"منتج متميز لدينا 
بدون إضافة فول صويا/ طبق 400جم","- نضع على النار فلفل ألوان وبصل متقطعين شرائح رفيعة - يتشوحوا في زيت قليل - وبعدين نضع بالسجق 
لإضافة نكهة ألذ: نضع دبس رمان",دواجن فريش متبلة على التسوية,,true,طبق أسود بلاستيك,0.4,115,109.25,false,true,فريش,true,available,,,,false,unit
dfed35df-2859-424c-aed9-55a28fdd23e2,uuuyu,,hhh,لحوم,,false,فاكيوم,0,677,,false,false,فريش,true,available,,,,false,unit
e1f0a41f-dbeb-4880-85f7-42e8b3f49235,صدور دجاج بالعضم فريش,بيتعمل من الدجاج الأبيض مش البلدي,"التحمير في صينية في الفرن مع بطاطس وجزر وبصل حلقات أو خضتر حسب الرغبة
",دواجن فريش,,false,طبق بلاستيك أبيض,1000,190,,true,true,فريش,true,available,,,,false,weight
e2336ef6-dda1-461b-8f86-0f2bf299b26e,سبايدر ستيك,"قطعة
450:500 جم سبايدر استيك/وهي قطعة بها مرمرية او متجانسة مع الدهون وهي قطعه طولية الانسجة وتسمي بالحاجب وتوجد منها داخل البطن فوق قرقوشة الدوش ويتم تقطيعها بعد الشواء",,لحم فريش,,false,,0.475,295.0,,false,false,فريش,true,available,,,,false,unit
e49e6d6f-95fe-4cab-87da-1980fb671c46,فيليه دجاج تندوري,"شرائح دجاج تتبيلة مميزة جدا ",الفرن / الجريل/ air fry,دواجن فريش متبلة على التسوية,,false,أطباق,0.5,160,156.8,true,false,فريش,true,available,,,,false,unit
e65ab4fe-4a93-4be8-a88f-76586b08149e," انتركوت ","السيراليون مشتق من الانتركوت 
 يتميز بنكهه مميزة وقوام 
طري.. لمحبي الشواء (لو عميل محتاج سيراليون تحديداً نتابع)","- ستيك مشوى على الجريل او صينية 
 - شرائح بالصوص البني (صوص الديمجلاس)
- بيكاتا بالمشروم ",لحم فريش,(سيراليون)بيت كلاوي/عالي دسم,false,أطباق,0.5,295,280,false,false,فريش,true,available,,,,false,unit
e77e2d5b-232c-4243-ad2c-66bd6ed38f12,تى بون,"بالقطعة
(500:600)
جرام ريش ستيك علي شكل حرف T - نصف عرق فلتو و نصف انتركوت يتم تقطيعها مجمدة
مش بتاخد وقت في التسوية وممتازة لحفلات الباربكيو أو الشواء في البيت -نسأل بدون تتبيل أو بتتبيلة الشواء؟","- ستيك مشوى على الجريل
",لحم فريش,,true,,0.55,415.0,394.0,false,false,فريش,true,available,,,,false,unit
e7f1bb81-eede-42f1-809a-a4ad6e288e46,أوراك دجاج فريش,"بيتعمل من الدجاج الأبيض مش البلدي
لو العميل عايزه مخلي من العضم فقط او مخلي عضم وجلد يبقي سعر شيش اوراك فريش موضح سياسته/مخلي جلد فقط يبقي سعر اوراك عادي","أحلى الوصفات:

1- صينية أوراك بالبطاطس في الفرن
2- تبات في تتبيلة وتدخل الفرن جوا كيس حراري مع بطاطس وجزر وبصل حلقات
3- تبات في تتبيلة وتدخل الفرن وقبل ما تكمل سواء على طول نحط وسط الصينية قطعة فحم على فويل لتعطي طعم الشواء

",دواجن فريش,,false,طبق بلاستيك أبيض,1000,140,,true,true,فريش,true,available,,,,false,weight
e8873b4e-c726-4b4c-8d2b-94a3f85ff293,ناجتس,"قطع دجاج بتتبيلة الشيف السرية جاهزة على التحمير
التتبيلة غير حارة 
",تحمير في زيت غزير,دواجن فريش متبلة على التسوية,,true,طبق,0.9,260,251.75,true,false,فريش,true,available,,,,false,unit
e8a24de0-d35f-4273-bcbc-a701047a669c,دوش,"تحتوي على قراقيش وعظم - الدوش كندوز صغير عشان تستمتعوا بالقراقيش
نسأل بالعضم ام بدون العضم ؟/بدون تقطيع ولا متقطعة (حجم التقطيع ايه)؟ - الكندوز الصغير أحسن / بيتقطع مجمد او فريش مع تاكيد مع العميل والفرع ف الحالتين ","السلق والتحمير والاستمتاع بطعمها والقراقيش 
شوربة لأن دسمها عالي
عمل المرق للفتة والرقاق",لحم فريش,,false,طبق أسود بلاستيك,1000,500,,false,true,فريش,true,available,,,,false,unit
ebaf6b6a-daa3-4733-9a15-77e4d7a14b2e,لحم جملي,لو من رقبة (مكعبات&فرم)/لو من فخدة(فرم&ستيك&مكعبات) وغيره&تغليف حسب الرغبة& يحتوي علي نسبة بروتين عالية,كفتة ارز / ستيك/يضاف للخضار/جميع استخدامات المفروم حشوات وغيرهم,قطعيات بلاد مختلفة,,true,,0.5,252.0,,true,true,فريش,true,available,,,,false,unit
ecc47645-3f2d-434c-a23e-db7a9c4243aa,حواوشي فراخ,,,دواجن فريش متبلة على التسوية,,true,3رغيف,1,115,109.25,false,true,فريش,true,available,,,,false,unit
edeacd1b-bc3c-4089-9eee-b268a0546e33,Green Peas - 400gm,,,البقالة,,true,,0.0,68.0,,true,false,فريش,true,available,,,,false,unit
ef84b7fb-b288-4c9d-a379-ffed12590be4,بط بلدى,السعر على الوزن الصافى بعد التنظيف,تتسلق وتتحمر,دواجن فريش,,false,طبق بلاستيك أبيض,1000,295,,true,true,فريش,true,available,,,,false,weight
f04bc982-7a7a-4f3c-a56b-6d0351ab232f,فلفل أحمر,,,خضروات مجمدة,,true,,0.0,15.0,,false,false,فريش,true,available,,,,false,unit
f0c5bddc-9a64-421e-a24e-38ad530f4740,"مسطرده هاينز 
(235GM)",,,البقالة,,true,,0.0,50.0,,true,false,فريش,true,available,,,,false,unit
f15faa65-7450-4cd9-9c06-398fd7dfe68e,عكاوى,"هو الذيل - يباع بالواحدة علي حسب وزنها 1:1.5ك تقريبا
يرسل متنظف جيدا/بتخرج مجمدة للحفاظ ع خصائصها","- طاجن بالبصل أو طاجن بالبطاطس
- شوربة لأن دسمها عالي",لحوم لذيذة,,true,طبق بلاستيك أبيض,1000,555,549,true,false,فريش,true,available,,,,false,weight
f1f33b82-7930-4d2b-b23b-bc13d2b2150d,كباب حلة احمر بدون دسم,"مناسب للدايت 
نسأل مكعبات كبير/وسط/صغير؟",- طريقة التسوية: يتشوح في السمنة على النار - نضيف البصل والفلفل المتقطع ونهدي النار لغاية ما المياه تنشف - نحط فنجان مياه كل شوية لغاية ما تستوي,لحم فريش,,true,طبق أسود بلاستيك,0.5,290.0,,false,false,فريش,true,available,,,,false,unit
f21fa20a-e767-474a-bec2-2440366a3247,بسطرمة,حلواني,,غير محدد,,false,غير محدد,1000,30,,false,true,فريش,true,available,,,,false,unit
f480dcc6-9cf9-4edf-949b-7985e9031e21,فيليه دجاج الزعتر,"شرائح دجاج بالزعتر ومجموعة مميزة اخري من التوابل ",الفرن / الجريل/ air fry,دواجن فريش متبلة على التسوية,,false,أطباق,0.5,160,156.8,true,false,فريش,true,available,,,,true,unit
f5069aeb-fa99-41bc-8a98-3fe7d58a753f,Oil - Corn plus - 800ml,,,البقالة,,true,,0.0,97.0,,true,false,فريش,true,available,,,,false,unit
f72b2f2b-4df0-4583-89df-b02755961efb,سجق ايطالى,مدخن ومش سبايسي / لحم محلي بلدي,ثمره طماطم,لحم فريش متبل على التسوية,,true,طبق أسود بلاستيك,0.4,221.45,,false,false,فريش,true,available,,,,false,unit
fabdb9dd-d3b3-4971-9828-2fa063b14273,لية ضانى,"عبارة عن ذيل الخروف وهي عبارة عن جزء كله دهون لكن تعطي طعم رائع لبعض الأكلات- 
نسال العميل سليمة ولا متقطعة","توضع مع تسوية المحشي
توضع في صينية البطاطس
توضع في طبيخ البامية",لحم ضاني,,true,,0.5,181.8,176.0,false,false,فريش,true,available,,,,false,unit
fce10ba8-f9aa-4528-b061-dafa5f7ef91d,أجنحة دجاج متبل,تتبيلة مميزة من ميت هاوس,,دواجن فريش متبلة على التسوية,,true,طبق,0.9,130,117,true,true,فريش,true,available,,,,false,unit
fdb75709-df14-4545-bdbb-fcff366885e5,سبرنج رول لحم,15:18قطعة تقريبا,,مقبلات وأصناف جانبية,,true,طبق,0.4,140,137.2,false,false,فريش,true,available,,,,false,unit
fe84b67b-0bfd-4204-94a3-24c113e2156f," لحم مفروم دسم قليل ","مفروم دسم خفيف
نسأل  مفروم ناعم/وسط/ خشن؟","- عصّاج
- الكفتة قليلة الدسم ولو عايزة طعم المشوي ممكن  تحطي فحمة علي حتة فويل وسط الصينية",لحم فريش,5 - 10%,false,أطباق,0.5,265,,false,false,فريش,true,available,,,,false,unit
ff799e4e-cb73-4fd0-a45a-c1f261ba2350,محشي كرنب,,,مقبلات وأصناف جانبية,,true,طبق بلاستيك أبيض,0.4,90,82.8,false,false,فريش,true,available,,,,true,unit